{
  "0": {
    "precision": 0.8058252427184466,
    "recall": 0.8924731182795699,
    "f1-score": 0.8469387755102041,
    "support": 93.0
  },
  "1": {
    "precision": 0.7368421052631579,
    "recall": 0.5833333333333334,
    "f1-score": 0.6511627906976745,
    "support": 48.0
  },
  "accuracy": 0.7872340425531915,
  "macro avg": {
    "precision": 0.7713336739908022,
    "recall": 0.7379032258064516,
    "f1-score": 0.7490507831039392,
    "support": 141.0
  },
  "weighted avg": {
    "precision": 0.7823416214570716,
    "recall": 0.7872340425531915,
    "f1-score": 0.7802916317442367,
    "support": 141.0
  }
}